{"stats":{"minecraft:killed":{"minecraft:spider":8,"minecraft:skeleton":1,"minecraft:sheep":7,"minecraft:zombie":3,"minecraft:cow":13,"minecraft:drowned":2,"minecraft:villager":2},"minecraft:custom":{"minecraft:interact_with_crafting_table":122,"minecraft:eat_cake_slice":1,"minecraft:leave_game":12,"minecraft:time_since_death":14938,"minecraft:sprint_one_cm":504563,"minecraft:damage_blocked_by_shield":2995,"minecraft:drop":85,"minecraft:play_noteblock":5,"minecraft:talked_to_villager":14,"minecraft:play_time":272549,"minecraft:deaths":9,"minecraft:jump":4339,"minecraft:walk_on_water_one_cm":28044,"minecraft:interact_with_furnace":71,"minecraft:traded_with_villager":16,"minecraft:sleep_in_bed":19,"minecraft:damage_dealt":6997,"minecraft:player_kills":5,"minecraft:crouch_one_cm":98891,"minecraft:interact_with_smoker":12,"minecraft:horse_one_cm":92660,"minecraft:mob_kills":36,"minecraft:climb_one_cm":1265,"minecraft:walk_one_cm":1075311,"minecraft:sneak_time":28613,"minecraft:walk_under_water_one_cm":32002,"minecraft:boat_one_cm":4978,"minecraft:total_world_time":272549,"minecraft:tune_noteblock":4,"minecraft:time_since_rest":14962,"minecraft:damage_taken":5404,"minecraft:swim_one_cm":42323,"minecraft:fly_one_cm":651134,"minecraft:open_chest":187,"minecraft:fall_one_cm":113631},"minecraft:killed_by":{"sanitydim:rotting_stalker":1,"mimicer:mimicer":1,"the_hound:the_hound":1,"mimic_dweller:mimic_dweller":1,"minecraft:zombie":1,"minecraft:player":2},"minecraft:crafted":{"simpleores:tin_shovel":1,"minecraft:oak_planks":28,"minecraft:cobblestone_slab":696,"minecraft:stone":84,"minecraft:cobblestone_stairs":4,"minecraft:bookshelf":13,"minecraft:cooked_mutton":10,"minecraft:chest":16,"minecraft:acacia_fence":15,"minecraft:smoker":1,"simpleores:tin_ingot":67,"sophisticatedbackpacks:backpack":1,"minecraft:emerald":16,"minecraft:cooked_porkchop":4,"minecraft:crafting_table":9,"minecraft:wooden_pickaxe":1,"simpleores:adamantium_ingot":3,"minecraft:shield":1,"minecraft:stick":1424,"minecraft:iron_ingot":17,"minecraft:iron_pickaxe":1,"minecraft:stone_sword":1,"simpleores:tin_pickaxe":1,"minecraft:stone_shovel":3,"minecraft:furnace":10,"minecraft:acacia_fence_gate":8,"simpleores:mythril_helmet":1,"minecraft:stone_pickaxe":1,"simpleores:adamantium_pickaxe":1,"simpleores:tin_bricks":4,"minecraft:wheat":117,"sophisticatedbackpacks:iron_backpack":1,"minecraft:cooked_beef":8,"simpleores:tin_leggings":1,"simpleores:tin_chestplate":1,"sophisticatedbackpacks:gold_backpack":1,"minecraft:stone_axe":4,"minecraft:jungle_planks":148,"minecraft:bread":39,"minecraft:air":0,"jeg:scrap_block":4,"justhammers:stone_hammer":16,"simpleores:mythril_ingot":5,"minecraft:white_bed":2,"simpleores:tin_boots":1,"minecraft:acacia_planks":220,"minecraft:torch":92},"minecraft:dropped":{"minecraft:glass_bottle":1,"jeg:scrap_block":1,"minecraft:leather":8,"minecraft:jungle_planks":4,"minecraft:music_disc_13":1,"minecraft:dirt":51,"minecraft:mutton":5,"minecraft:acacia_door":1,"simpleores:mythril_sword":1,"justhammers:stone_hammer":2,"minecraft:jungle_log":12,"minecraft:iron_bars":2,"minecraft:beef":14,"minecraft:acacia_fence":3,"minecraft:wheat_seeds":5,"minecraft:cobblestone":839,"minecraft:granite":124,"minecraft:diorite":66,"minecraft:string":1,"minecraft:acacia_planks":5,"minecraft:bowl":2,"minecraft:stripped_acacia_wood":1,"minecraft:red_terracotta":5,"minecraft:flint_and_steel":1,"minecraft:potato":1,"simpleores:raw_tin":21,"minecraft:cobblestone_slab":31,"minecraft:shield":3,"minecraft:flower_pot":1,"minecraft:andesite":192,"minecraft:mossy_stone_bricks":3,"minecraft:stone_bricks":1,"minecraft:wooden_pickaxe":1,"minecraft:brick":3},"minecraft:used":{"minecraft:iron_shovel":2,"minecraft:chest":15,"minecraft:shield":68,"minecraft:bell":1,"minecraft:jungle_planks":25,"minecraft:acacia_sapling":6,"minecraft:jungle_sapling":32,"simpleores:tin_chestplate":1,"minecraft:stone_brick_stairs":5,"minecraft:stone_bricks":6,"minecraft:furnace":20,"minecraft:oak_sapling":17,"minecraft:acacia_fence":13,"minecraft:egg":1,"minecraft:diorite":15,"simpleores:tin_bricks":4,"minecraft:stone_pickaxe":41,"minecraft:wooden_pickaxe":22,"simpleores:tin_boots":2,"minecraft:golden_hoe":34,"minecraft:note_block":2,"jeg:scrap_block":1,"minecraft:bread":38,"minecraft:gravel":2,"minecraft:golden_helmet":2,"minecraft:andesite":4,"jeg:waterpipe_shotgun":1,"simpleores:adamantium_pickaxe":195,"minecraft:enchanting_table":1,"minecraft:stone_sword":63,"minecraft:acacia_log":10,"minecraft:stone_shovel":214,"minecraft:torch":150,"minecraft:dirt":79,"simpleores:tin_leggings":1,"minecraft:bookshelf":13,"minecraft:jungle_log":16,"simpleores:tin_shovel":1,"minecraft:cooked_beef":3,"minecraft:acacia_planks":139,"minecraft:cooked_mutton":11,"minecraft:water_bucket":22,"minecraft:cobblestone_stairs":4,"minecraft:baked_potato":2,"minecraft:cauldron":1,"minecraft:cobblestone_slab":650,"minecraft:cracked_stone_bricks":2,"minecraft:crafting_table":14,"minecraft:lime_bed":1,"minecraft:red_bed":4,"minecraft:white_bed":6,"simpleores:mythril_helmet":1,"minecraft:smoker":1,"minecraft:iron_pickaxe":252,"justhammers:stone_hammer":1246,"jeg:scrap_workbench":2,"minecraft:acacia_fence_gate":8,"minecraft:stone_axe":310,"minecraft:cobblestone":1473,"minecraft:potion":1,"minecraft:cooked_porkchop":1,"minecraft:bucket":23,"simpleores:tin_pickaxe":81,"minecraft:gray_wool":1},"minecraft:mined":{"minecraft:attached_melon_stem":1,"minecraft:white_bed":5,"minecraft:oak_sapling":7,"minecraft:farmland":6,"minecraft:granite":31,"minecraft:acacia_log":30,"minecraft:grass_block":162,"minecraft:jungle_log":10,"minecraft:spawner":4,"minecraft:iron_ore":6,"minecraft:dirt_path":20,"minecraft:iron_bars":1,"simpleores:tin_ore":29,"minecraft:red_bed":3,"jeg:scrap_block":1,"minecraft:smoker":1,"minecraft:torch":8,"minecraft:note_block":5,"minecraft:melon":8,"minecraft:cobblestone":117,"minecraft:sugar_cane":3,"minecraft:wall_torch":37,"minecraft:wheat":1,"minecraft:jukebox":2,"minecraft:stone_brick_stairs":2,"minecraft:grass":36,"minecraft:oak_log":21,"minecraft:acacia_fence":1,"minecraft:dirt":48,"minecraft:oak_leaves":2,"minecraft:potted_wither_rose":1,"minecraft:jungle_planks":3,"minecraft:acacia_slab":5,"minecraft:hay_block":41,"minecraft:furnace":11,"minecraft:jungle_sapling":13,"minecraft:black_glazed_terracotta":8,"minecraft:acacia_wood":29,"minecraft:andesite":13,"simpleores:adamantium_ore":3,"minecraft:bookshelf":16,"minecraft:cobblestone_slab":32,"minecraft:vine":9,"minecraft:stone":198,"minecraft:acacia_leaves":4,"jeg:scrap_ore":11,"minecraft:glass_pane":3,"minecraft:dandelion":1,"minecraft:crafting_table":5,"minecraft:lapis_ore":7,"minecraft:diorite":3,"jeg:scrap_workbench":2,"minecraft:lime_bed":2,"minecraft:red_terracotta":1,"simpleores:mythril_ore":5,"minecraft:coal_ore":75,"minecraft:gravel":6,"minecraft:acacia_door":1,"minecraft:cracked_stone_bricks":4,"minecraft:acacia_planks":45,"minecraft:stripped_acacia_wood":2,"minecraft:stone_bricks":5,"minecraft:fern":4},"minecraft:picked_up":{"minecraft:wooden_axe":1,"minecraft:wheat":4,"minecraft:flower_pot":1,"simpleores:tin_shovel":2,"minecraft:lead":1,"minecraft:wither_rose":2,"minecraft:stone_brick_stairs":5,"minecraft:string":16,"minecraft:raw_copper":46,"minecraft:bucket":2,"minecraft:black_glazed_terracotta":8,"simpleores:tin_chestplate":3,"simpleores:raw_tin":137,"minecraft:cobblestone_slab":41,"minecraft:iron_pickaxe":3,"minecraft:melon_slice":53,"minecraft:furnace":12,"minecraft:golden_helmet":3,"minecraft:stick":94,"minecraft:jukebox":1,"minecraft:acacia_fence":1,"minecraft:torch":81,"minecraft:acacia_log":154,"minecraft:porkchop":4,"minecraft:diorite":166,"minecraft:cauldron":1,"minecraft:stone_sword":5,"minecraft:rotten_flesh":4,"simpleores:adamantium_pickaxe":3,"minecraft:obsidian":6,"minecraft:iron_bars":2,"minecraft:cobblestone":4947,"minecraft:leather_chestplate":2,"minecraft:cooked_beef":19,"minecraft:water_bucket":3,"minecraft:andesite":240,"minecraft:jungle_log":452,"minecraft:golden_leggings":2,"minecraft:smoker":2,"minecraft:flint":10,"jeg:scrap":110,"simpleores:mythril_helmet":2,"minecraft:lapis_lazuli":48,"minecraft:dirt":334,"minecraft:name_tag":2,"minecraft:leather_boots":5,"minecraft:bone":12,"simpleores:raw_mythril":5,"minecraft:acacia_planks":107,"minecraft:wheat_seeds":31,"minecraft:bell":2,"minecraft:mossy_stone_bricks":3,"minecraft:oak_planks":64,"minecraft:cooked_porkchop":34,"minecraft:music_disc_13":3,"minecraft:stripped_acacia_wood":2,"minecraft:jungle_planks":8,"sophisticatedbackpacks:iron_backpack":2,"minecraft:acacia_stairs":2,"simpleores:mythril_sword":1,"minecraft:red_terracotta":8,"minecraft:stripped_acacia_log":8,"simpleores:tin_leggings":2,"jeg:scrap_block":1,"minecraft:granite":246,"minecraft:golden_horse_armor":1,"minecraft:bread":90,"minecraft:oak_sapling":30,"sophisticatedbackpacks:gold_backpack":4,"minecraft:crafting_table":8,"minecraft:chicken":2,"minecraft:leather_leggings":4,"minecraft:wooden_pickaxe":3,"jeg:scrap_workbench":2,"minecraft:shield":8,"minecraft:red_bed":4,"minecraft:acacia_door":3,"minecraft:flint_and_steel":3,"minecraft:iron_shovel":5,"minecraft:cracked_stone_bricks":36,"simpleores:raw_adamantium":3,"minecraft:beef":65,"minecraft:jungle_sapling":34,"minecraft:iron_nugget":39,"minecraft:minecart":1,"minecraft:sugar_cane":20,"minecraft:chest":2,"minecraft:phantom_membrane":5,"minecraft:egg":2,"minecraft:raw_iron":39,"minecraft:stone":8,"minecraft:bowl":2,"minecraft:music_disc_mellohi":3,"sophisticatedbackpacks:backpack":2,"minecraft:note_block":5,"minecraft:redstone":1,"minecraft:stone_shovel":3,"minecraft:arrow":7,"minecraft:golden_hoe":4,"minecraft:hay_block":41,"minecraft:saddle":1,"minecraft:mutton":33,"simpleores:tin_boots":3,"minecraft:white_wool":12,"minecraft:lime_bed":1,"minecraft:leather":50,"minecraft:acacia_wood":33,"minecraft:oak_log":65,"minecraft:gunpowder":15,"simpleores:tin_pickaxe":1,"man:cassette_1safetyinstructions":3,"minecraft:cooked_mutton":46,"minecraft:apple":7,"minecraft:stone_bricks":9,"minecraft:iron_ingot":3,"minecraft:stone_pickaxe":5,"minecraft:glass_bottle":2,"jeg:tech_trash":19,"minecraft:acacia_sapling":18,"minecraft:book":88,"minecraft:dandelion":1,"minecraft:dripstone_block":3,"minecraft:gravel":5,"justhammers:stone_hammer":6,"minecraft:white_bed":4,"minecraft:spider_eye":1,"minecraft:stone_axe":12,"minecraft:gray_wool":1,"minecraft:baked_potato":4,"minecraft:brown_banner":2,"minecraft:acacia_slab":4,"minecraft:melon_seeds":10,"minecraft:coal":289,"minecraft:ender_pearl":2},"minecraft:broken":{"justhammers:stone_hammer":12,"minecraft:stone_axe":4,"minecraft:stone_shovel":1,"minecraft:golden_hoe":1,"minecraft:leather_chestplate":1,"minecraft:leather_boots":1,"minecraft:iron_pickaxe":1}},"DataVersion":3120}