{"stats":{"minecraft:killed_by":{"sanitydim:rotting_stalker":1,"the_hound:the_hound":1,"mimic_dweller:mimic_dweller":1,"minecraft:zombie":1},"minecraft:broken":{"minecraft:golden_hoe":1,"minecraft:stone_axe":1},"minecraft:picked_up":{"minecraft:wooden_axe":1,"minecraft:crafting_table":7,"minecraft:chicken":2,"minecraft:flower_pot":1,"minecraft:leather_leggings":2,"minecraft:lead":1,"minecraft:wooden_pickaxe":3,"minecraft:wither_rose":2,"minecraft:stone_brick_stairs":5,"jeg:scrap_workbench":1,"minecraft:shield":3,"minecraft:string":15,"minecraft:acacia_door":3,"minecraft:flint_and_steel":3,"minecraft:iron_shovel":5,"minecraft:cracked_stone_bricks":34,"minecraft:bucket":1,"minecraft:black_glazed_terracotta":8,"minecraft:beef":65,"simpleores:raw_tin":57,"minecraft:iron_nugget":39,"minecraft:iron_pickaxe":2,"minecraft:minecart":1,"minecraft:sugar_cane":20,"minecraft:chest":2,"minecraft:phantom_membrane":5,"minecraft:furnace":1,"minecraft:egg":1,"minecraft:golden_helmet":2,"minecraft:stick":10,"minecraft:raw_iron":2,"minecraft:jukebox":1,"minecraft:acacia_log":128,"minecraft:bowl":2,"minecraft:torch":23,"minecraft:music_disc_mellohi":2,"minecraft:note_block":5,"sophisticatedbackpacks:backpack":2,"minecraft:porkchop":4,"minecraft:cauldron":1,"minecraft:stone_sword":5,"minecraft:arrow":7,"minecraft:stone_shovel":1,"minecraft:rotten_flesh":4,"minecraft:golden_hoe":4,"minecraft:hay_block":41,"minecraft:saddle":1,"minecraft:obsidian":6,"minecraft:mutton":33,"minecraft:white_wool":12,"minecraft:cobblestone":144,"minecraft:lime_bed":1,"minecraft:leather_chestplate":1,"minecraft:cooked_beef":16,"minecraft:andesite":17,"minecraft:leather":49,"minecraft:smoker":2,"minecraft:acacia_wood":19,"minecraft:flint":10,"minecraft:oak_log":11,"jeg:scrap":22,"minecraft:gunpowder":15,"minecraft:dirt":47,"man:cassette_1safetyinstructions":3,"minecraft:name_tag":1,"minecraft:cooked_mutton":46,"minecraft:leather_boots":4,"minecraft:bone":3,"minecraft:acacia_planks":89,"minecraft:apple":2,"minecraft:stone_bricks":9,"minecraft:wheat_seeds":12,"minecraft:iron_ingot":1,"minecraft:stone_pickaxe":5,"minecraft:glass_bottle":2,"minecraft:acacia_sapling":9,"jeg:tech_trash":3,"minecraft:book":88,"minecraft:cooked_porkchop":34,"minecraft:music_disc_13":3,"minecraft:stripped_acacia_wood":1,"minecraft:gravel":5,"minecraft:white_bed":4,"minecraft:acacia_stairs":2,"minecraft:red_terracotta":5,"minecraft:spider_eye":1,"jeg:scrap_block":1,"minecraft:stone_axe":8,"minecraft:granite":2,"minecraft:bread":23,"minecraft:gray_wool":1,"minecraft:golden_horse_armor":1,"minecraft:baked_potato":4,"minecraft:oak_sapling":1,"minecraft:brown_banner":2,"minecraft:coal":84,"minecraft:ender_pearl":2},"minecraft:custom":{"minecraft:mob_kills":32,"minecraft:interact_with_crafting_table":54,"minecraft:eat_cake_slice":1,"minecraft:leave_game":2,"minecraft:time_since_death":24468,"minecraft:sprint_one_cm":233254,"minecraft:walk_one_cm":281350,"minecraft:damage_blocked_by_shield":1980,"minecraft:drop":23,"minecraft:play_noteblock":5,"minecraft:talked_to_villager":4,"minecraft:play_time":85462,"minecraft:deaths":5,"minecraft:sneak_time":5791,"minecraft:walk_under_water_one_cm":407,"minecraft:jump":1603,"minecraft:walk_on_water_one_cm":3420,"minecraft:total_world_time":85462,"minecraft:interact_with_furnace":10,"minecraft:tune_noteblock":4,"minecraft:sleep_in_bed":9,"minecraft:time_since_rest":12146,"minecraft:damage_taken":2219,"minecraft:damage_dealt":4425,"minecraft:swim_one_cm":8285,"minecraft:fly_one_cm":330713,"minecraft:open_chest":79,"minecraft:crouch_one_cm":21972,"minecraft:interact_with_smoker":12,"minecraft:fall_one_cm":48467},"minecraft:used":{"minecraft:stone_sword":63,"minecraft:iron_shovel":2,"minecraft:acacia_log":10,"minecraft:stone_shovel":37,"minecraft:shield":11,"minecraft:torch":24,"minecraft:dirt":36,"minecraft:acacia_sapling":6,"minecraft:stone_brick_stairs":5,"minecraft:stone_bricks":6,"minecraft:oak_sapling":1,"minecraft:furnace":1,"minecraft:egg":1,"minecraft:cooked_beef":3,"minecraft:acacia_planks":120,"minecraft:cooked_mutton":4,"simpleores:tin_bricks":4,"minecraft:stone_pickaxe":41,"minecraft:wooden_pickaxe":22,"minecraft:cracked_stone_bricks":2,"minecraft:golden_hoe":34,"minecraft:lime_bed":1,"minecraft:crafting_table":8,"minecraft:white_bed":6,"minecraft:note_block":2,"minecraft:smoker":1,"jeg:scrap_block":1,"minecraft:bread":11,"minecraft:iron_pickaxe":153,"minecraft:gravel":2,"minecraft:golden_helmet":2,"minecraft:stone_axe":169,"minecraft:cobblestone":40,"minecraft:cooked_porkchop":1,"minecraft:andesite":4,"simpleores:tin_pickaxe":80,"minecraft:gray_wool":1},"minecraft:killed":{"minecraft:spider":7,"minecraft:skeleton":1,"minecraft:sheep":7,"minecraft:zombie":3,"minecraft:villager":1,"minecraft:cow":13},"minecraft:mined":{"minecraft:white_bed":5,"minecraft:potted_wither_rose":1,"minecraft:granite":1,"minecraft:acacia_log":23,"minecraft:grass_block":13,"minecraft:acacia_slab":4,"minecraft:spawner":4,"minecraft:hay_block":41,"minecraft:black_glazed_terracotta":8,"minecraft:iron_ore":2,"minecraft:acacia_wood":20,"minecraft:andesite":11,"minecraft:bookshelf":16,"minecraft:iron_bars":1,"simpleores:tin_ore":25,"minecraft:stone":129,"minecraft:acacia_leaves":3,"jeg:scrap_ore":9,"minecraft:glass_pane":3,"jeg:scrap_block":1,"minecraft:smoker":1,"minecraft:crafting_table":4,"minecraft:torch":4,"minecraft:note_block":5,"minecraft:cobblestone":1,"minecraft:sugar_cane":3,"minecraft:wall_torch":5,"minecraft:lime_bed":2,"jeg:scrap_workbench":1,"minecraft:jukebox":2,"minecraft:stone_brick_stairs":2,"minecraft:grass":13,"minecraft:oak_log":11,"minecraft:coal_ore":75,"minecraft:gravel":6,"minecraft:acacia_door":1,"minecraft:dirt":35,"minecraft:cracked_stone_bricks":4,"minecraft:acacia_planks":40,"minecraft:stripped_acacia_wood":1,"minecraft:stone_bricks":5},"minecraft:crafted":{"minecraft:oak_planks":28,"minecraft:stone_shovel":1,"minecraft:furnace":2,"minecraft:cooked_mutton":10,"minecraft:stone_pickaxe":1,"simpleores:tin_bricks":4,"minecraft:smoker":1,"sophisticatedbackpacks:iron_backpack":1,"minecraft:wheat":117,"simpleores:tin_ingot":19,"minecraft:cooked_beef":8,"sophisticatedbackpacks:backpack":1,"minecraft:cooked_porkchop":4,"minecraft:crafting_table":4,"minecraft:wooden_pickaxe":1,"sophisticatedbackpacks:gold_backpack":1,"minecraft:stone_axe":2,"minecraft:air":0,"minecraft:bread":39,"jeg:scrap_block":1,"minecraft:shield":1,"minecraft:stick":20,"minecraft:iron_ingot":3,"minecraft:iron_pickaxe":1,"minecraft:stone_sword":1,"minecraft:white_bed":2,"minecraft:acacia_planks":140,"minecraft:torch":12,"simpleores:tin_pickaxe":1},"minecraft:dropped":{"jeg:scrap_block":1,"minecraft:cobblestone":1,"minecraft:leather":8,"minecraft:mutton":5,"minecraft:bowl":2,"minecraft:red_terracotta":3,"minecraft:flint_and_steel":1,"minecraft:shield":1,"minecraft:flower_pot":1,"minecraft:andesite":2,"minecraft:stone_bricks":1,"minecraft:wooden_pickaxe":1,"minecraft:beef":14}},"DataVersion":3120}