{"stats":{"minecraft:crafted":{"minecraft:stone_pickaxe":2,"minecraft:golden_axe":1,"minecraft:crafting_table":5,"minecraft:wooden_pickaxe":3,"minecraft:shield":2,"minecraft:stick":16,"minecraft:wooden_axe":1,"minecraft:stone_sword":1,"minecraft:gold_ingot":4,"minecraft:acacia_planks":118},"minecraft:broken":{"minecraft:wooden_pickaxe":1,"minecraft:stone_pickaxe":1},"minecraft:killed":{"minecraft:skeleton":6,"minecraft:pig":1,"minecraft:zombie":3},"minecraft:mined":{"minecraft:white_bed":1,"minecraft:farmland":1,"minecraft:granite":17,"minecraft:acacia_log":28,"minecraft:grass_block":3,"minecraft:spawner":2,"minecraft:andesite":12,"minecraft:iron_bars":3,"minecraft:stone":122,"minecraft:acacia_leaves":1,"minecraft:melon_stem":2,"minecraft:orange_terracotta":1,"minecraft:crafting_table":1,"minecraft:torch":1,"minecraft:tall_grass":1,"minecraft:cobblestone":6,"minecraft:wall_torch":1,"minecraft:lime_bed":1,"minecraft:wheat":44,"minecraft:stone_brick_stairs":3,"minecraft:grass":31,"minecraft:coal_ore":12,"minecraft:dirt":22,"minecraft:cracked_stone_bricks":11,"minecraft:stone_bricks":10},"minecraft:killed_by":{"mimicer:mimicer":1,"thehorrid:horrid_hunter":1,"the_hound:the_hound":3,"minecraft:skeleton":8,"minecraft:zombie":1},"minecraft:dropped":{"minecraft:enchanted_book":1,"minecraft:wheat_seeds":16,"minecraft:glass_bottle":2,"minecraft:minecart":2,"minecraft:leather":12,"minecraft:cracked_stone_bricks":7,"jeg:scrap":1,"minecraft:acacia_log":3,"minecraft:stick":1,"minecraft:music_disc_13":1,"minecraft:flint":3,"minecraft:wooden_hoe":2,"minecraft:torch":1,"minecraft:mutton":5,"minecraft:wooden_axe":2,"minecraft:golden_hoe":1,"minecraft:iron_shovel":1,"minecraft:string":2,"minecraft:stone_axe":1,"minecraft:stone_sword":1,"minecraft:wheat":5,"minecraft:cooked_mutton":10,"minecraft:leather_chestplate":1,"minecraft:shield":2,"minecraft:andesite":1,"minecraft:leather_boots":1,"minecraft:wooden_pickaxe":2,"minecraft:beef":14,"minecraft:stone_brick_stairs":6},"minecraft:used":{"minecraft:iron_bars":3,"minecraft:stone_sword":2,"minecraft:flint_and_steel":3,"minecraft:shield":31,"minecraft:iron_sword":110,"minecraft:rotten_flesh":1,"minecraft:iron_chestplate":1,"minecraft:torch":13,"minecraft:dirt":22,"minecraft:wooden_axe":1,"minecraft:stone_bricks":42,"minecraft:beef":8,"minecraft:egg":2,"minecraft:cooked_beef":10,"minecraft:acacia_planks":62,"minecraft:golden_axe":4,"minecraft:golden_boots":1,"minecraft:stone_pickaxe":168,"minecraft:wooden_pickaxe":83,"minecraft:chainmail_helmet":1,"minecraft:cracked_stone_bricks":8,"minecraft:crafting_table":4,"minecraft:tnt":1,"minecraft:lime_bed":1,"minecraft:white_bed":1,"minecraft:acacia_stairs":2,"minecraft:apple":3,"minecraft:acacia_door":1,"minecraft:melon_slice":2,"minecraft:bread":3,"minecraft:cobblestone":7,"minecraft:potion":1,"minecraft:porkchop":1,"minecraft:andesite":12},"minecraft:custom":{"minecraft:mob_kills":13,"minecraft:interact_with_crafting_table":19,"minecraft:damage_dealt_resisted":385,"minecraft:eat_cake_slice":4,"minecraft:leave_game":3,"minecraft:time_since_death":8658,"minecraft:climb_one_cm":956,"minecraft:sprint_one_cm":318750,"minecraft:walk_one_cm":164160,"minecraft:damage_blocked_by_shield":2305,"minecraft:drop":38,"minecraft:damage_dealt_absorbed":81,"minecraft:play_time":63545,"minecraft:deaths":14,"minecraft:sneak_time":421,"minecraft:walk_under_water_one_cm":2768,"minecraft:jump":991,"minecraft:walk_on_water_one_cm":7083,"minecraft:total_world_time":63545,"minecraft:interact_with_furnace":1,"minecraft:tune_noteblock":4,"minecraft:sleep_in_bed":1,"minecraft:time_since_rest":8685,"minecraft:damage_taken":5150,"minecraft:damage_dealt":2773,"minecraft:swim_one_cm":14549,"minecraft:fly_one_cm":207069,"minecraft:open_chest":48,"minecraft:crouch_one_cm":648,"minecraft:fall_one_cm":28369},"minecraft:picked_up":{"minecraft:wooden_axe":1,"minecraft:crafting_table":4,"minecraft:iron_chestplate":7,"minecraft:wheat":94,"minecraft:wooden_pickaxe":38,"minecraft:potion":2,"minecraft:enchanted_book":3,"minecraft:stone_brick_stairs":10,"minecraft:shield":7,"minecraft:string":2,"minecraft:acacia_door":10,"minecraft:flint_and_steel":9,"minecraft:iron_shovel":1,"minecraft:cracked_stone_bricks":63,"minecraft:gold_nugget":58,"minecraft:beef":99,"minecraft:minecart":2,"minecraft:melon_slice":40,"minecraft:egg":3,"minecraft:stick":72,"minecraft:acacia_log":33,"minecraft:torch":32,"minecraft:music_disc_mellohi":1,"minecraft:porkchop":2,"minecraft:golden_axe":10,"minecraft:stone_sword":1,"minecraft:arrow":46,"minecraft:rotten_flesh":60,"minecraft:golden_hoe":1,"minecraft:gold_ingot":219,"minecraft:mutton":30,"minecraft:iron_bars":3,"minecraft:cobblestone":173,"minecraft:lime_bed":1,"minecraft:leather_chestplate":1,"minecraft:cooked_beef":56,"minecraft:andesite":17,"minecraft:leather":12,"minecraft:flint":3,"jeg:scrap":1,"minecraft:golden_boots":1,"minecraft:gunpowder":7,"minecraft:wooden_hoe":8,"minecraft:dirt":96,"minecraft:orange_terracotta":1,"minecraft:leather_boots":1,"minecraft:cooked_mutton":10,"minecraft:bone":80,"minecraft:acacia_planks":270,"minecraft:apple":1,"minecraft:stone_bricks":240,"minecraft:bow":10,"minecraft:wheat_seeds":62,"minecraft:stone_pickaxe":6,"minecraft:mossy_stone_bricks":4,"minecraft:glass_bottle":2,"minecraft:acacia_sapling":1,"minecraft:iron_sword":11,"minecraft:book":60,"minecraft:music_disc_13":1,"sophisticatedbackpacks:iron_backpack":9,"minecraft:white_bed":3,"minecraft:acacia_stairs":31,"minecraft:stone_axe":1,"minecraft:lever":1,"minecraft:chainmail_leggings":10,"minecraft:granite":3,"minecraft:bread":14,"minecraft:chainmail_helmet":9,"minecraft:melon_seeds":1,"minecraft:coal":130}},"DataVersion":3120}