{"stats":{"minecraft:killed":{"minecraft:skeleton":45,"the_hound:the_hound":1,"minecraft:chicken":1,"minecraft:pig":1,"minecraft:salmon":8,"minecraft:iron_golem":1,"minecraft:zombie":82,"minecraft:stray":5,"minecraft:cow":2,"mimicer:mimicer":1,"minecraft:wither_skeleton":3,"minecraft:enderman":1},"minecraft:custom":{"minecraft:interact_with_crafting_table":71,"minecraft:eat_cake_slice":4,"minecraft:leave_game":17,"minecraft:time_since_death":14220,"minecraft:sprint_one_cm":1339604,"minecraft:damage_blocked_by_shield":10217,"minecraft:drop":235,"minecraft:talked_to_villager":38,"minecraft:play_time":343108,"minecraft:deaths":58,"minecraft:jump":5527,"minecraft:interact_with_brewingstand":1,"minecraft:walk_on_water_one_cm":67994,"minecraft:interact_with_furnace":40,"minecraft:play_record":1,"minecraft:traded_with_villager":48,"minecraft:sleep_in_bed":21,"minecraft:damage_dealt":24084,"minecraft:player_kills":6,"minecraft:crouch_one_cm":25581,"minecraft:mob_kills":141,"minecraft:interact_with_anvil":10,"minecraft:damage_dealt_resisted":385,"minecraft:climb_one_cm":7261,"minecraft:walk_one_cm":905441,"minecraft:damage_dealt_absorbed":81,"minecraft:sneak_time":12868,"minecraft:walk_under_water_one_cm":41827,"minecraft:boat_one_cm":108520,"minecraft:interact_with_blast_furnace":6,"minecraft:total_world_time":343108,"minecraft:tune_noteblock":4,"minecraft:time_since_rest":11649,"minecraft:damage_absorbed":200,"minecraft:damage_taken":21530,"minecraft:swim_one_cm":55649,"minecraft:fly_one_cm":883664,"minecraft:open_chest":358,"minecraft:fall_one_cm":109681},"minecraft:killed_by":{"sanitydim:rotting_stalker":3,"mimicer:mimicer":2,"man:managgresive":1,"the_hound:the_hound":11,"mimic_dweller:mimic_dweller":2,"the_one_who_watches:toww_running":1,"minecraft:zombie":6,"minecraft:player":11,"minecraft:stray":4,"minecraft:iron_golem":1,"thehorrid:horrid_hunter":1,"minecraft:skeleton":15},"minecraft:crafted":{"minecraft:oak_planks":68,"minecraft:stone":23,"minecraft:cooked_mutton":2,"minecraft:chest":5,"minecraft:golden_boots":2,"simpleores:tin_ingot":23,"minecraft:golden_axe":1,"minecraft:emerald":46,"minecraft:arrow":16,"minecraft:crafting_table":7,"minecraft:wooden_pickaxe":3,"minecraft:shield":8,"minecraft:stick":1034,"minecraft:iron_pickaxe":2,"minecraft:iron_ingot":9,"minecraft:stone_sword":1,"minecraft:gold_ingot":4,"simpleores:tin_pickaxe":1,"minecraft:stone_pickaxe":2,"minecraft:golden_helmet":1,"minecraft:cooked_beef":6,"minecraft:iron_sword":1,"minecraft:stone_axe":1,"minecraft:bread":18,"minecraft:air":0,"minecraft:jungle_planks":780,"justhammers:stone_hammer":1,"minecraft:wooden_axe":1,"minecraft:acacia_planks":354,"minecraft:diamond_chestplate":1},"minecraft:dropped":{"minecraft:lapis_lazuli":60,"minecraft:cooked_beef":1,"minecraft:glass_bottle":3,"minecraft:ender_pearl":14,"minecraft:leather":12,"minecraft:jungle_planks":6,"minecraft:cracked_stone_bricks":14,"jeg:scrap":2,"minecraft:flint":3,"minecraft:emerald":11,"minecraft:music_disc_13":2,"minecraft:cobblestone_stairs":1,"minecraft:dirt":6,"simpleores:mythril_chestplate":1,"minecraft:mutton":5,"simpleores:mythril_sword":2,"minecraft:bone":105,"minecraft:gravel":4,"minecraft:stone_axe":2,"minecraft:wheat":10,"minecraft:pointed_dripstone":4,"minecraft:rotten_flesh":69,"minecraft:oak_planks":14,"minecraft:cooked_mutton":10,"minecraft:acacia_stairs":2,"minecraft:chainmail_chestplate":3,"minecraft:leather_chestplate":2,"minecraft:gunpowder":2,"minecraft:beetroot_seeds":12,"minecraft:melon_seeds":9,"minecraft:leather_boots":1,"minecraft:acacia_sapling":16,"minecraft:leather_leggings":1,"minecraft:iron_bars":3,"minecraft:arrow":2,"minecraft:beef":14,"minecraft:stone_brick_stairs":10,"jeg:handmade_shell":2,"minecraft:netherrack":1,"minecraft:egg":1,"minecraft:enchanted_book":1,"minecraft:golden_boots":5,"minecraft:iron_ingot":14,"minecraft:bread":3,"minecraft:wheat_seeds":113,"minecraft:golden_helmet":2,"minecraft:mossy_cobblestone":26,"minecraft:minecart":2,"minecraft:dripstone_block":1,"minecraft:diamond_leggings":1,"minecraft:cobblestone":210,"minecraft:golden_axe":1,"minecraft:iron_helmet":1,"minecraft:apple":1,"minecraft:granite":2,"minecraft:acacia_log":3,"minecraft:chainmail_helmet":3,"minecraft:golden_apple":2,"minecraft:stick":65,"minecraft:diorite":2,"minecraft:torch":7,"minecraft:wooden_hoe":2,"minecraft:wooden_axe":2,"jeg:waterpipe_shotgun":3,"minecraft:golden_hoe":1,"minecraft:chainmail_leggings":2,"minecraft:iron_shovel":1,"minecraft:string":2,"minecraft:acacia_planks":30,"minecraft:dandelion":1,"minecraft:stone_sword":1,"minecraft:raw_copper":30,"minecraft:iron_boots":1,"minecraft:diamond_sword":3,"minecraft:potato":2,"minecraft:stone":20,"minecraft:shield":3,"minecraft:iron_chestplate":1,"minecraft:andesite":17,"minecraft:mossy_stone_bricks":15,"minecraft:golden_leggings":3,"minecraft:oak_sapling":8,"simpleores:tin_ingot":1,"minecraft:stone_bricks":19,"minecraft:diamond_boots":1,"sophisticatedbackpacks:copper_backpack":3,"minecraft:bow":4,"minecraft:stone_pickaxe":2,"minecraft:wooden_pickaxe":3},"minecraft:used":{"minecraft:iron_shovel":2,"minecraft:chest":5,"minecraft:shield":144,"minecraft:iron_sword":748,"minecraft:rotten_flesh":4,"minecraft:iron_chestplate":7,"minecraft:jungle_planks":42,"minecraft:music_disc_13":1,"minecraft:iron_helmet":4,"minecraft:stone_bricks":42,"minecraft:bow":47,"minecraft:oak_sapling":20,"minecraft:egg":2,"minecraft:potato":7,"minecraft:golden_boots":2,"minecraft:mossy_stone_bricks":11,"minecraft:leather_leggings":1,"minecraft:stone_pickaxe":243,"minecraft:wooden_pickaxe":83,"minecraft:chainmail_helmet":2,"minecraft:golden_apple":6,"minecraft:acacia_door":1,"minecraft:melon_slice":50,"minecraft:bread":31,"simpleores:mythril_sword":9,"simpleores:mythril_boots":1,"minecraft:gravel":3,"minecraft:golden_helmet":4,"minecraft:chainmail_boots":6,"minecraft:andesite":12,"jeg:waterpipe_shotgun":1,"minecraft:golden_pickaxe":90,"minecraft:iron_bars":7,"minecraft:stone_sword":2,"minecraft:flint_and_steel":3,"simpleores:mythril_chestplate":1,"minecraft:netherrack":2,"minecraft:torch":22,"minecraft:dirt":38,"minecraft:diamond_helmet":1,"minecraft:wooden_axe":1,"minecraft:iron_axe":6,"minecraft:melon_seeds":4,"minecraft:golden_carrot":5,"minecraft:beef":13,"minecraft:cooked_beef":21,"minecraft:acacia_planks":152,"minecraft:golden_axe":57,"minecraft:iron_leggings":4,"minecraft:cooked_mutton":2,"minecraft:wheat_seeds":146,"minecraft:acacia_boat":4,"minecraft:cracked_stone_bricks":11,"minecraft:salmon":8,"minecraft:mossy_cobblestone":2,"minecraft:lime_bed":2,"minecraft:tnt":1,"minecraft:crafting_table":6,"minecraft:white_bed":1,"minecraft:diamond_pickaxe":14,"minecraft:acacia_stairs":2,"minecraft:apple":14,"minecraft:iron_pickaxe":134,"justhammers:stone_hammer":161,"minecraft:stone_axe":114,"minecraft:potion":2,"minecraft:cobblestone":249,"minecraft:porkchop":1,"simpleores:tin_pickaxe":23,"minecraft:diamond_leggings":1,"minecraft:chainmail_leggings":9},"minecraft:mined":{"minecraft:attached_melon_stem":2,"minecraft:white_bed":1,"minecraft:oak_sapling":1,"minecraft:farmland":1,"minecraft:granite":19,"minecraft:acacia_log":32,"minecraft:grass_block":3,"minecraft:jungle_log":9,"minecraft:spawner":5,"minecraft:iron_ore":8,"minecraft:nether_brick_stairs":1,"minecraft:iron_bars":5,"simpleores:tin_ore":12,"minecraft:melon_stem":4,"minecraft:orange_terracotta":1,"minecraft:torch":2,"minecraft:melon":14,"minecraft:chest":1,"minecraft:cobblestone":69,"minecraft:wall_torch":5,"minecraft:seagrass":1,"minecraft:wheat":186,"minecraft:tnt":1,"minecraft:stone_brick_stairs":3,"minecraft:grass":58,"minecraft:oak_log":16,"minecraft:dirt":27,"minecraft:netherrack":1,"minecraft:oak_leaves":4,"minecraft:mossy_cobblestone":13,"minecraft:nether_bricks":3,"minecraft:jungle_planks":19,"minecraft:andesite":15,"minecraft:vine":8,"minecraft:stone":255,"minecraft:acacia_leaves":2,"minecraft:redstone_block":1,"jeg:scrap_ore":4,"minecraft:crafting_table":1,"minecraft:tall_grass":1,"minecraft:lapis_ore":6,"minecraft:diorite":3,"minecraft:lime_bed":2,"minecraft:coal_ore":36,"minecraft:gravel":2,"minecraft:dripstone_block":1,"minecraft:cracked_stone_bricks":19,"minecraft:acacia_planks":27,"minecraft:stone_bricks":10,"minecraft:mossy_stone_bricks":33},"minecraft:picked_up":{"minecraft:wooden_axe":1,"minecraft:iron_chestplate":38,"minecraft:wheat":421,"minecraft:redstone_block":11,"minecraft:chainmail_boots":28,"minecraft:diamond_sword":3,"minecraft:potion":13,"minecraft:enchanted_book":3,"minecraft:golden_shovel":21,"minecraft:stone_brick_stairs":18,"simpleores:mythril_boots":9,"minecraft:string":2,"minecraft:raw_copper":131,"minecraft:iron_leggings":13,"minecraft:diamond_leggings":7,"minecraft:gold_nugget":58,"simpleores:raw_tin":127,"minecraft:cobblestone_slab":4,"minecraft:iron_pickaxe":27,"minecraft:melon_slice":184,"minecraft:iron_boots":6,"minecraft:tipped_arrow":10,"minecraft:golden_helmet":14,"minecraft:stick":1380,"minecraft:torch":274,"minecraft:acacia_log":100,"minecraft:porkchop":2,"minecraft:golden_axe":23,"minecraft:pointed_dripstone":4,"minecraft:diorite":7,"minecraft:quartz_block":2,"minecraft:stone_sword":1,"minecraft:rotten_flesh":432,"minecraft:iron_bars":24,"minecraft:cobblestone":2923,"minecraft:leather_chestplate":4,"minecraft:feather":2,"minecraft:cooked_beef":66,"minecraft:andesite":71,"minecraft:jungle_log":453,"minecraft:golden_leggings":9,"minecraft:potato":12,"minecraft:flint":4,"jeg:scrap":66,"minecraft:acacia_boat":14,"minecraft:lapis_lazuli":178,"minecraft:dirt":124,"minecraft:leather_boots":1,"minecraft:bone":575,"minecraft:acacia_planks":2826,"minecraft:bow":66,"minecraft:wheat_seeds":510,"jeg:shotgun_shell":10,"minecraft:mossy_stone_bricks":114,"minecraft:diamond_helmet":9,"minecraft:oak_planks":57,"minecraft:mossy_stone_brick_stairs":4,"minecraft:music_disc_13":2,"minecraft:jungle_planks":1091,"sophisticatedbackpacks:iron_backpack":34,"minecraft:nether_brick_stairs":1,"minecraft:grass_block":1,"minecraft:acacia_stairs":33,"simpleores:mythril_sword":6,"minecraft:mossy_cobblestone":238,"minecraft:diamond":6,"minecraft:lever":1,"minecraft:granite":157,"minecraft:bone_meal":3,"minecraft:golden_apple":26,"minecraft:emerald":32,"minecraft:chainmail_helmet":30,"minecraft:bread":346,"minecraft:oak_sapling":184,"minecraft:netherrack":6,"minecraft:diamond_pickaxe":2,"securitycraft:remote_access_sentry":3,"minecraft:crafting_table":4,"minecraft:chicken":2,"minecraft:leather_leggings":16,"minecraft:golden_pickaxe":5,"minecraft:wooden_pickaxe":42,"minecraft:shield":44,"minecraft:acacia_door":10,"minecraft:flint_and_steel":9,"minecraft:iron_shovel":4,"minecraft:cracked_stone_bricks":114,"simpleores:raw_adamantium":2,"minecraft:beef":120,"minecraft:minecart":2,"minecraft:chest":3,"minecraft:egg":8,"minecraft:raw_iron":33,"minecraft:stone":80,"minecraft:music_disc_mellohi":1,"minecraft:tnt":10,"minecraft:diamond_chestplate":1,"minecraft:arrow":783,"minecraft:beetroot_seeds":9,"minecraft:golden_hoe":1,"minecraft:nether_bricks":8,"minecraft:diamond_boots":1,"jeg:waterpipe_shotgun":5,"minecraft:saddle":5,"minecraft:gold_ingot":823,"sophisticatedbackpacks:copper_backpack":3,"minecraft:mutton":32,"simpleores:mythril_chestplate":4,"minecraft:lime_bed":2,"minecraft:golden_carrot":14,"minecraft:salmon":12,"minecraft:leather":13,"minecraft:oak_log":17,"minecraft:chainmail_chestplate":8,"minecraft:golden_boots":19,"minecraft:gunpowder":12,"minecraft:cobblestone_stairs":4,"minecraft:wooden_hoe":8,"simpleores:tin_pickaxe":8,"minecraft:orange_terracotta":1,"minecraft:cooked_mutton":10,"minecraft:apple":21,"minecraft:stone_bricks":316,"minecraft:iron_ingot":89,"minecraft:stone_pickaxe":23,"minecraft:glass_bottle":13,"minecraft:iron_sword":50,"minecraft:soul_sand":2,"minecraft:acacia_sapling":49,"jeg:tech_trash":2,"minecraft:book":332,"minecraft:dandelion":1,"minecraft:dripstone_block":1,"minecraft:gravel":31,"justhammers:stone_hammer":16,"minecraft:white_bed":3,"minecraft:leather_helmet":11,"jeg:handmade_shell":10,"minecraft:diamond_shovel":2,"minecraft:stone_axe":29,"simpleores:tin_ingot":14,"minecraft:chainmail_leggings":40,"minecraft:iron_helmet":35,"minecraft:melon_seeds":28,"minecraft:coal":1014,"minecraft:ender_pearl":20},"minecraft:broken":{"minecraft:golden_helmet":1,"minecraft:iron_shovel":1,"minecraft:leather_leggings":1,"minecraft:iron_chestplate":1,"minecraft:chainmail_boots":2,"minecraft:stone_pickaxe":1,"justhammers:stone_hammer":1,"minecraft:iron_sword":1,"minecraft:leather_helmet":1,"minecraft:diamond_chestplate":1,"minecraft:diamond_leggings":1,"minecraft:wooden_pickaxe":1,"minecraft:shield":2,"minecraft:golden_axe":1,"minecraft:iron_helmet":1,"minecraft:golden_pickaxe":1}},"DataVersion":3120}