{"stats":{"minecraft:killed_by":{"sanitydim:rotting_stalker":1,"mimicer:mimicer":2,"the_hound:the_hound":2,"mimic_dweller:mimic_dweller":1,"minecraft:skeleton":1},"minecraft:broken":{"minecraft:golden_axe":1},"minecraft:picked_up":{"minecraft:mud":1,"minecraft:crafting_table":17,"minecraft:wheat":11,"minecraft:chicken":2,"minecraft:wooden_pickaxe":3,"minecraft:enchanted_book":3,"minecraft:stone_brick_stairs":1,"minecraft:shield":6,"minecraft:string":10,"minecraft:iron_shovel":2,"minecraft:cracked_stone_bricks":36,"minecraft:cartography_table":1,"minecraft:gold_nugget":53,"minecraft:black_glazed_terracotta":8,"simpleores:raw_tin":49,"minecraft:iron_nugget":23,"minecraft:minecart":7,"minecraft:iron_pickaxe":1,"minecraft:light_gray_wool":1,"minecraft:lectern":1,"minecraft:melon_slice":66,"minecraft:furnace":1,"minecraft:golden_helmet":1,"minecraft:stick":12,"minecraft:jukebox":7,"simpleores:mythril_ingot":2,"minecraft:acacia_log":61,"minecraft:torch":87,"minecraft:bowl":2,"minecraft:music_disc_mellohi":1,"minecraft:note_block":4,"sophisticatedbackpacks:backpack":3,"minecraft:porkchop":3,"minecraft:diorite":1,"minecraft:cauldron":2,"minecraft:stone_sword":5,"minecraft:stone_shovel":1,"minecraft:arrow":19,"minecraft:rotten_flesh":22,"minecraft:hay_block":44,"minecraft:gold_ingot":2,"minecraft:obsidian":6,"minecraft:mutton":8,"simpleores:tin_boots":2,"minecraft:iron_bars":7,"minecraft:white_wool":7,"minecraft:cobblestone":60,"minecraft:enchanting_table":5,"minecraft:lime_bed":1,"minecraft:leather_chestplate":3,"minecraft:feather":12,"minecraft:cooked_beef":5,"minecraft:andesite":5,"minecraft:orange_carpet":3,"minecraft:acacia_leaves":2,"minecraft:leather":8,"minecraft:potato":8,"minecraft:flint":2,"minecraft:golden_boots":1,"minecraft:gunpowder":6,"minecraft:map":9,"minecraft:dirt":10,"minecraft:cooked_mutton":9,"minecraft:leather_boots":5,"minecraft:bone":21,"minecraft:acacia_planks":318,"minecraft:apple":6,"minecraft:stone_bricks":22,"minecraft:wheat_seeds":40,"minecraft:iron_ingot":8,"minecraft:stone_pickaxe":4,"minecraft:cobweb":20,"minecraft:stone_hoe":4,"minecraft:acacia_sapling":7,"minecraft:music_disc_chirp":1,"minecraft:book":40,"minecraft:cooked_porkchop":11,"minecraft:music_disc_13":3,"minecraft:gravel":10,"sophisticatedbackpacks:iron_backpack":2,"minecraft:white_bed":2,"minecraft:acacia_stairs":4,"simpleores:mythril_sword":4,"minecraft:red_terracotta":2,"minecraft:spider_eye":4,"minecraft:leather_helmet":1,"jeg:scrap_block":1,"simpleores:tin_leggings":2,"minecraft:stone_axe":10,"minecraft:chainmail_leggings":3,"minecraft:gray_wool":1,"minecraft:golden_apple":4,"minecraft:emerald":11,"minecraft:baked_potato":6,"minecraft:brown_banner":1,"minecraft:acacia_slab":8,"minecraft:melon_seeds":5,"minecraft:coal":6,"minecraft:ender_pearl":2},"minecraft:custom":{"minecraft:mob_kills":41,"minecraft:interact_with_crafting_table":38,"minecraft:bell_ring":2,"minecraft:eat_cake_slice":2,"minecraft:leave_game":2,"minecraft:time_since_death":21576,"minecraft:climb_one_cm":780,"minecraft:sprint_one_cm":278862,"minecraft:walk_one_cm":192382,"minecraft:damage_blocked_by_shield":2773,"minecraft:drop":56,"minecraft:play_noteblock":3,"minecraft:talked_to_villager":17,"minecraft:play_time":85098,"minecraft:sneak_time":2244,"minecraft:deaths":7,"minecraft:walk_under_water_one_cm":3726,"minecraft:jump":1845,"minecraft:walk_on_water_one_cm":3949,"minecraft:total_world_time":85098,"minecraft:interact_with_furnace":5,"minecraft:interact_with_cartography_table":2,"minecraft:sleep_in_bed":10,"minecraft:time_since_rest":9604,"minecraft:damage_taken":4046,"minecraft:damage_dealt":7314,"minecraft:swim_one_cm":12447,"minecraft:fly_one_cm":324504,"minecraft:open_chest":64,"minecraft:crouch_one_cm":4428,"minecraft:interact_with_smoker":6,"minecraft:fall_one_cm":54742},"minecraft:used":{"minecraft:stone_sword":26,"minecraft:iron_shovel":8,"minecraft:flint_and_steel":7,"minecraft:chest":2,"minecraft:shield":19,"minecraft:rotten_flesh":4,"minecraft:stone_hoe":18,"minecraft:torch":20,"minecraft:dirt":8,"simpleores:tin_leggings":1,"minecraft:stone_bricks":3,"minecraft:light_gray_wool":1,"minecraft:furnace":2,"minecraft:cooked_beef":9,"minecraft:acacia_planks":32,"minecraft:golden_axe":33,"minecraft:golden_boots":1,"minecraft:cooked_mutton":3,"minecraft:stone_pickaxe":79,"minecraft:baked_potato":3,"minecraft:ender_pearl":2,"minecraft:wooden_pickaxe":23,"simpleores:tin_boots":1,"minecraft:fletching_table":1,"minecraft:golden_hoe":2,"minecraft:lime_bed":1,"minecraft:crafting_table":10,"minecraft:acacia_leaves":2,"minecraft:white_bed":2,"minecraft:apple":2,"minecraft:bread":2,"minecraft:melon_slice":40,"simpleores:mythril_sword":75,"minecraft:gravel":7,"jeg:scrap_workbench":1,"minecraft:stone_axe":147,"minecraft:cobblestone":3,"minecraft:cooked_porkchop":2,"minecraft:jukebox":5,"minecraft:chainmail_leggings":1},"minecraft:crafted":{"minecraft:furnace":1,"minecraft:cooked_mutton":3,"jeg:scrap_workbench":1,"minecraft:stone_pickaxe":2,"minecraft:chest":3,"simpleores:mythril_sword":1,"minecraft:stone_hoe":1,"sophisticatedbackpacks:iron_backpack":1,"minecraft:cooked_beef":2,"simpleores:tin_ingot":11,"sophisticatedbackpacks:backpack":1,"minecraft:crafting_table":2,"minecraft:wooden_pickaxe":1,"simpleores:tin_leggings":1,"minecraft:fletching_table":1,"minecraft:stone_axe":4,"minecraft:bread":2,"minecraft:air":0,"minecraft:stick":28,"minecraft:wooden_axe":1,"minecraft:stone_sword":1,"minecraft:iron_shovel":1,"simpleores:tin_boots":1,"minecraft:acacia_planks":136},"minecraft:killed":{"minecraft:spider":5,"minecraft:skeleton":5,"the_hound:the_hound":9,"minecraft:chicken":1,"minecraft:pig":7,"minecraft:sheep":6,"minecraft:zombie":8},"minecraft:mined":{"minecraft:white_bed":1,"minecraft:attached_melon_stem":1,"minecraft:granite":3,"minecraft:acacia_log":52,"minecraft:grass_block":4,"minecraft:cartography_table":1,"minecraft:spawner":1,"minecraft:hay_block":16,"minecraft:furnace":2,"minecraft:fire":5,"minecraft:acacia_wood":1,"minecraft:acacia_stairs":2,"minecraft:andesite":5,"minecraft:enchanting_table":1,"minecraft:water_cauldron":2,"minecraft:iron_bars":6,"minecraft:stripped_acacia_log":1,"simpleores:tin_ore":15,"minecraft:stone":45,"minecraft:acacia_leaves":7,"minecraft:glass_pane":2,"minecraft:melon_stem":1,"minecraft:crafting_table":8,"minecraft:note_block":1,"minecraft:melon":10,"minecraft:lectern":1,"minecraft:copper_ore":2,"minecraft:tall_grass":2,"minecraft:cobblestone":1,"minecraft:wall_torch":1,"minecraft:diorite":1,"minecraft:orange_carpet":1,"minecraft:red_terracotta":4,"minecraft:mud":1,"minecraft:wheat":17,"minecraft:brown_wall_banner":1,"minecraft:jukebox":3,"minecraft:stone_brick_stairs":1,"minecraft:grass":35,"minecraft:oak_log":1,"minecraft:acacia_door":1,"minecraft:gravel":12,"minecraft:dirt":5,"minecraft:cracked_stone_bricks":2,"minecraft:acacia_planks":30,"minecraft:stone_bricks":7,"minecraft:oak_leaves":1},"minecraft:dropped":{"minecraft:iron_ingot":1,"minecraft:porkchop":3,"minecraft:wheat_seeds":1,"minecraft:golden_helmet":1,"minecraft:baked_potato":2,"minecraft:ender_pearl":1,"minecraft:crafting_table":1,"minecraft:cooked_porkchop":9,"minecraft:feather":15,"minecraft:cobblestone":6,"minecraft:book":40,"man:cassette_1safetyinstructions":1,"minecraft:acacia_log":27,"minecraft:music_disc_13":2,"minecraft:stick":10,"minecraft:flint":2,"minecraft:emerald":4,"minecraft:gray_wool":1,"minecraft:orange_carpet":3,"minecraft:mutton":8,"minecraft:wooden_axe":1,"minecraft:golden_hoe":1,"minecraft:iron_pickaxe":1,"minecraft:iron_shovel":2,"minecraft:string":8,"minecraft:white_wool":2,"minecraft:acacia_planks":2,"minecraft:stone_axe":4,"minecraft:iron_nugget":15,"minecraft:obsidian":3,"minecraft:chicken":1,"sophisticatedbackpacks:backpack":1,"minecraft:cooked_mutton":9,"minecraft:acacia_stairs":1,"minecraft:flint_and_steel":1,"minecraft:shield":1,"minecraft:leather_boots":1,"minecraft:acacia_sapling":6,"minecraft:wooden_pickaxe":1,"minecraft:stone_pickaxe":1,"minecraft:music_disc_mellohi":1,"minecraft:stone_brick_stairs":1}},"DataVersion":3120}