{"stats":{"minecraft:killed":{"minecraft:witch":1,"minecraft:spider":6,"minecraft:skeleton":52,"the_hound:the_hound":16,"minecraft:chicken":1,"minecraft:pig":7,"minecraft:zombie_villager":1,"minecraft:creeper":1,"minecraft:sheep":6,"minecraft:zombie":90,"minecraft:stray":3,"sanitydim:rotting_stalker":1,"minecraft:horse":6,"mimicer:mimicer":1,"minecraft:drowned":1,"minecraft:wither_skeleton":3},"minecraft:custom":{"minecraft:interact_with_crafting_table":94,"minecraft:bell_ring":7,"minecraft:eat_cake_slice":2,"minecraft:leave_game":15,"minecraft:time_since_death":14417,"minecraft:sprint_one_cm":1429308,"minecraft:damage_blocked_by_shield":13026,"minecraft:drop":312,"minecraft:play_noteblock":3,"minecraft:talked_to_villager":131,"minecraft:play_time":581975,"minecraft:deaths":78,"minecraft:jump":10659,"minecraft:enchant_item":2,"minecraft:walk_on_water_one_cm":61386,"minecraft:interact_with_furnace":63,"minecraft:traded_with_villager":343,"minecraft:interact_with_cartography_table":2,"minecraft:sleep_in_bed":74,"minecraft:damage_dealt":36593,"minecraft:player_kills":13,"minecraft:crouch_one_cm":41966,"minecraft:interact_with_smoker":6,"minecraft:horse_one_cm":19841,"minecraft:interact_with_anvil":6,"minecraft:mob_kills":219,"minecraft:climb_one_cm":11717,"minecraft:walk_one_cm":1168398,"minecraft:sneak_time":20206,"minecraft:walk_under_water_one_cm":74447,"minecraft:boat_one_cm":27695,"minecraft:interact_with_blast_furnace":11,"minecraft:total_world_time":581975,"minecraft:time_since_rest":12383,"minecraft:damage_absorbed":70,"minecraft:damage_taken":32724,"minecraft:swim_one_cm":87638,"minecraft:fly_one_cm":1508771,"minecraft:open_chest":363,"minecraft:fall_one_cm":292784},"minecraft:killed_by":{"sanitydim:rotting_stalker":3,"mimicer:mimicer":11,"the_hound:the_hound":11,"mimic_dweller:mimic_dweller":5,"minecraft:zombie":6,"irritator:irritator":2,"minecraft:player":11,"minecraft:stray":4,"thehorrid:horrid_hunter":8,"minecraft:skeleton":1},"minecraft:crafted":{"minecraft:smooth_stone":3,"minecraft:oak_planks":560,"minecraft:chainmail_helmet":7,"minecraft:cobblestone_slab":60,"minecraft:stone":64,"minecraft:cooked_mutton":3,"minecraft:bow":16,"minecraft:chest":12,"simpleores:mythril_sword":1,"minecraft:stone_hoe":1,"simpleores:tin_ingot":46,"simpleores:mythril_boots":3,"minecraft:oak_slab":12,"minecraft:emerald":183,"minecraft:arrow":192,"sophisticatedbackpacks:backpack":1,"minecraft:crafting_table":8,"minecraft:wooden_pickaxe":1,"minecraft:iron_helmet":10,"minecraft:fletching_table":1,"minecraft:shield":2,"minecraft:stick":4906,"minecraft:stone_slab":6,"minecraft:iron_ingot":36,"minecraft:stone_sword":1,"minecraft:acacia_door":3,"minecraft:composter":1,"minecraft:redstone":44,"minecraft:experience_bottle":11,"simpleores:mythril_chestplate":1,"minecraft:furnace":1,"minecraft:blast_furnace":1,"jeg:scrap_workbench":1,"minecraft:iron_axe":4,"minecraft:iron_hoe":1,"minecraft:ender_pearl":23,"minecraft:stone_pickaxe":4,"sophisticatedbackpacks:iron_backpack":1,"minecraft:wheat":391,"minecraft:cooked_beef":2,"minecraft:crossbow":12,"minecraft:diamond_sword":1,"simpleores:tin_chestplate":1,"simpleores:tin_leggings":1,"minecraft:stone_axe":6,"minecraft:glowstone":20,"minecraft:bread":187,"minecraft:acacia_boat":1,"minecraft:air":0,"minecraft:jungle_planks":2204,"justhammers:iron_hammer":1,"justhammers:stone_hammer":7,"minecraft:wooden_axe":1,"simpleores:mythril_ingot":10,"minecraft:iron_shovel":1,"simpleores:tin_boots":1,"minecraft:acacia_planks":684,"minecraft:torch":120,"minecraft:lapis_lazuli":25},"minecraft:used":{"minecraft:iron_shovel":31,"minecraft:shield":149,"minecraft:chest":9,"minecraft:stone":18,"minecraft:iron_sword":7,"securitycraft:security_camera":2,"minecraft:rotten_flesh":29,"minecraft:iron_chestplate":1,"minecraft:skeleton_spawn_egg":1,"minecraft:jungle_planks":24,"minecraft:jungle_sapling":1,"securitycraft:camera_monitor":3,"minecraft:villager_spawn_egg":2,"minecraft:iron_helmet":1,"simpleores:tin_chestplate":5,"minecraft:stone_brick_stairs":1,"minecraft:stone_bricks":3,"minecraft:golden_sword":14,"minecraft:bow":139,"minecraft:oak_sapling":3,"minecraft:furnace":2,"minecraft:egg":3,"minecraft:potato":1,"minecraft:golden_boots":3,"minecraft:diamond_boots":1,"minecraft:mossy_stone_bricks":31,"minecraft:stone_pickaxe":323,"minecraft:oak_planks":64,"minecraft:ender_pearl":14,"simpleores:tin_boots":1,"minecraft:wooden_pickaxe":23,"minecraft:composter":2,"minecraft:chainmail_helmet":1,"minecraft:golden_apple":2,"minecraft:golden_hoe":2,"minecraft:blast_furnace":2,"minecraft:acacia_leaves":2,"minecraft:acacia_door":4,"minecraft:melon_slice":103,"minecraft:bread":124,"simpleores:mythril_sword":369,"simpleores:mythril_boots":2,"minecraft:gravel":23,"minecraft:diamond_sword":263,"minecraft:chainmail_boots":1,"minecraft:andesite":15,"jeg:waterpipe_shotgun":34,"minecraft:experience_bottle":11,"minecraft:stone_sword":26,"minecraft:flint_and_steel":7,"simpleores:mythril_chestplate":6,"minecraft:stone_hoe":18,"minecraft:dirt":28,"minecraft:torch":139,"minecraft:brewing_stand":2,"minecraft:anvil":1,"minecraft:chainmail_chestplate":4,"minecraft:diamond_helmet":3,"minecraft:granite":91,"simpleores:tin_leggings":1,"minecraft:iron_hoe":67,"minecraft:iron_axe":155,"minecraft:jungle_log":31,"minecraft:iron_boots":1,"securitycraft:remote_access_sentry":2,"securitycraft:sentry":5,"minecraft:light_gray_wool":1,"minecraft:glowstone":8,"minecraft:golden_carrot":27,"simpleores:tin_shovel":3,"minecraft:cooked_beef":9,"minecraft:acacia_planks":62,"minecraft:golden_axe":34,"minecraft:iron_leggings":1,"minecraft:cooked_mutton":3,"minecraft:wheat_seeds":202,"minecraft:acacia_boat":2,"minecraft:baked_potato":3,"minecraft:fletching_table":4,"minecraft:cobblestone_slab":66,"minecraft:leather_boots":1,"minecraft:horse_spawn_egg":7,"minecraft:cracked_stone_bricks":6,"minecraft:lime_bed":1,"minecraft:tnt":1,"minecraft:crafting_table":16,"minecraft:red_bed":11,"minecraft:white_bed":4,"simpleores:mythril_helmet":1,"justhammers:iron_hammer":132,"minecraft:oak_log":18,"minecraft:apple":6,"minecraft:iron_pickaxe":103,"minecraft:netherite_axe":13,"minecraft:leather_helmet":1,"minecraft:stone_slab":2,"justhammers:stone_hammer":531,"jeg:scrap_workbench":1,"minecraft:stone_axe":227,"minecraft:cobblestone":348,"minecraft:cooked_porkchop":2,"minecraft:potion":3,"simpleores:tin_pickaxe":1,"minecraft:diamond_leggings":4,"minecraft:jukebox":5,"minecraft:chainmail_leggings":10},"minecraft:mined":{"minecraft:oak_sapling":1,"minecraft:white_bed":2,"minecraft:attached_melon_stem":9,"minecraft:cobblestone_stairs":1,"minecraft:brewing_stand":2,"minecraft:granite":5,"minecraft:acacia_log":66,"minecraft:grass_block":14,"minecraft:jungle_log":5,"minecraft:composter":1,"minecraft:spawner":1,"minecraft:iron_ore":11,"minecraft:fire":5,"minecraft:fletching_table":3,"minecraft:enchanting_table":1,"minecraft:water_cauldron":2,"minecraft:iron_bars":10,"simpleores:tin_ore":15,"minecraft:quartz_block":3,"minecraft:red_bed":2,"minecraft:melon_stem":6,"minecraft:amethyst_cluster":2,"minecraft:torch":4,"minecraft:note_block":1,"minecraft:blast_furnace":1,"minecraft:melon":30,"minecraft:cobblestone":91,"minecraft:wall_torch":19,"minecraft:mud":1,"minecraft:wheat":266,"minecraft:brown_wall_banner":1,"minecraft:jukebox":3,"minecraft:stone_brick_stairs":4,"minecraft:grass":106,"minecraft:oak_log":9,"minecraft:dirt":21,"minecraft:oak_leaves":4,"minecraft:mossy_cobblestone":40,"minecraft:nether_bricks":1,"minecraft:jungle_planks":18,"minecraft:cartography_table":1,"minecraft:hay_block":16,"minecraft:furnace":3,"minecraft:jungle_sapling":3,"minecraft:acacia_wood":6,"minecraft:acacia_stairs":4,"minecraft:andesite":5,"simpleores:adamantium_ore":1,"minecraft:mossy_stone_brick_stairs":1,"minecraft:vine":32,"minecraft:cobblestone_slab":6,"minecraft:stripped_acacia_log":5,"minecraft:stone":104,"minecraft:acacia_leaves":10,"minecraft:glass_pane":2,"minecraft:crafting_table":8,"minecraft:lectern":1,"minecraft:copper_ore":8,"minecraft:tall_grass":6,"minecraft:diorite":1,"minecraft:orange_carpet":1,"minecraft:red_terracotta":4,"minecraft:gravel":41,"minecraft:acacia_door":3,"minecraft:cracked_stone_bricks":20,"minecraft:acacia_planks":40,"minecraft:stone_bricks":13,"minecraft:mossy_stone_bricks":45,"minecraft:fern":2},"minecraft:dropped":{"sophisticatedbackpacks:iron_backpack":1,"minecraft:acacia_boat":1,"minecraft:iron_sword":3,"minecraft:acacia_wood":5,"minecraft:porkchop":3,"minecraft:lapis_lazuli":18,"minecraft:oak_log":8,"minecraft:baked_potato":2,"minecraft:glass_bottle":3,"minecraft:ender_pearl":5,"minecraft:crafting_table":1,"minecraft:cooked_porkchop":9,"minecraft:jungle_planks":572,"minecraft:mossy_stone_brick_stairs":1,"minecraft:cracked_stone_bricks":6,"simpleores:adamantium_pickaxe":1,"minecraft:leather_helmet":5,"minecraft:flint":2,"minecraft:emerald":9,"minecraft:music_disc_13":3,"sophisticatedbackpacks:gold_backpack":1,"minecraft:cobblestone_stairs":1,"minecraft:orange_carpet":3,"simpleores:mythril_chestplate":1,"minecraft:mutton":8,"minecraft:jungle_sapling":13,"minecraft:iron_pickaxe":2,"simpleores:mythril_sword":2,"minecraft:white_wool":2,"jeg:tech_trash":2,"minecraft:gold_ingot":27,"minecraft:bone":41,"minecraft:gravel":14,"minecraft:stone_axe":9,"minecraft:iron_nugget":15,"minecraft:wheat":100,"minecraft:obsidian":3,"minecraft:rotten_flesh":145,"minecraft:diamond_shovel":3,"minecraft:cooked_mutton":9,"minecraft:golden_shovel":1,"minecraft:acacia_stairs":3,"minecraft:carrot":1,"minecraft:chainmail_chestplate":5,"simpleores:tin_leggings":1,"justhammers:stone_hammer":1,"minecraft:melon_seeds":8,"minecraft:jungle_log":252,"minecraft:acacia_sapling":6,"minecraft:leather_boots":1,"minecraft:chainmail_boots":2,"minecraft:leather_leggings":2,"minecraft:arrow":1,"minecraft:stone_brick_stairs":1,"minecraft:cartography_table":1,"minecraft:egg":1,"minecraft:bread":1360,"minecraft:golden_boots":1,"minecraft:water_bucket":1,"minecraft:iron_ingot":15,"minecraft:wheat_seeds":10,"minecraft:golden_helmet":1,"minecraft:tnt":1,"minecraft:mossy_cobblestone":2,"minecraft:diamond_leggings":2,"minecraft:golden_axe":1,"minecraft:cobblestone":229,"minecraft:iron_helmet":12,"minecraft:feather":15,"minecraft:book":52,"simpleores:tin_chestplate":1,"man:cassette_1safetyinstructions":1,"minecraft:granite":1,"minecraft:acacia_log":27,"minecraft:chainmail_helmet":5,"minecraft:coal":96,"minecraft:golden_apple":1,"minecraft:stick":138,"simpleores:mythril_helmet":1,"minecraft:gray_wool":1,"minecraft:golden_carrot":4,"minecraft:torch":83,"minecraft:wooden_axe":1,"minecraft:melon_slice":1,"minecraft:diamond_helmet":2,"minecraft:golden_hoe":1,"minecraft:chainmail_leggings":3,"minecraft:iron_shovel":2,"simpleores:mythril_boots":1,"minecraft:string":8,"minecraft:acacia_planks":175,"minecraft:redstone":20,"minecraft:raw_copper":23,"minecraft:chicken":1,"sophisticatedbackpacks:backpack":1,"minecraft:red_terracotta":1,"minecraft:flint_and_steel":1,"minecraft:diamond_sword":1,"minecraft:potato":4,"minecraft:cobblestone_slab":4,"minecraft:stone":3,"minecraft:shield":6,"minecraft:diamond_pickaxe":1,"minecraft:iron_chestplate":5,"minecraft:andesite":89,"minecraft:mossy_stone_bricks":11,"minecraft:golden_leggings":1,"minecraft:oak_sapling":35,"simpleores:tin_ingot":5,"minecraft:stone_bricks":7,"minecraft:diamond_boots":1,"sophisticatedbackpacks:copper_backpack":3,"minecraft:bow":7,"minecraft:stone_pickaxe":4,"minecraft:wooden_pickaxe":2,"minecraft:music_disc_mellohi":1},"minecraft:picked_up":{"minecraft:iron_chestplate":12,"minecraft:wheat":795,"minecraft:chainmail_boots":6,"simpleores:tin_shovel":9,"minecraft:diamond_sword":10,"minecraft:enchanted_book":3,"minecraft:golden_shovel":1,"minecraft:stone_brick_stairs":6,"minecraft:brewing_stand":2,"simpleores:mythril_boots":4,"minecraft:string":10,"minecraft:raw_copper":271,"minecraft:iron_leggings":11,"minecraft:diamond_leggings":17,"minecraft:gold_nugget":53,"minecraft:black_glazed_terracotta":8,"simpleores:tin_chestplate":12,"simpleores:raw_tin":157,"minecraft:cobblestone_slab":18,"minecraft:iron_pickaxe":8,"minecraft:melon_slice":340,"minecraft:iron_boots":5,"minecraft:furnace":2,"minecraft:tipped_arrow":3,"minecraft:golden_helmet":9,"minecraft:stick":3572,"minecraft:jukebox":7,"simpleores:mythril_ingot":14,"minecraft:composter":1,"minecraft:torch":385,"minecraft:acacia_log":542,"securitycraft:camera_monitor":6,"minecraft:porkchop":3,"minecraft:golden_axe":5,"minecraft:diorite":1,"minecraft:cauldron":18,"minecraft:quartz_block":1,"minecraft:stone_sword":5,"minecraft:rotten_flesh":644,"simpleores:adamantium_pickaxe":1,"minecraft:obsidian":6,"minecraft:iron_bars":18,"minecraft:cobblestone":3780,"minecraft:enchanting_table":5,"minecraft:leather_chestplate":7,"minecraft:feather":12,"minecraft:cooked_beef":5,"minecraft:water_bucket":1,"minecraft:andesite":296,"minecraft:jungle_log":3344,"minecraft:orange_carpet":3,"minecraft:acacia_leaves":2,"minecraft:golden_leggings":14,"minecraft:potato":16,"minecraft:flint":6,"jeg:scrap":15,"minecraft:acacia_boat":6,"simpleores:mythril_helmet":1,"minecraft:map":9,"minecraft:lapis_lazuli":190,"minecraft:dirt":210,"securitycraft:sentry":3,"minecraft:leather_boots":12,"minecraft:bone":407,"minecraft:acacia_planks":877,"minecraft:bow":50,"minecraft:wheat_seeds":2601,"jeg:shotgun_shell":220,"minecraft:mossy_stone_bricks":110,"minecraft:fletching_table":3,"minecraft:diamond_helmet":15,"minecraft:stone_hoe":4,"minecraft:oak_planks":10,"minecraft:mossy_stone_brick_stairs":8,"minecraft:cooked_porkchop":11,"minecraft:music_disc_13":6,"minecraft:jungle_planks":2376,"sophisticatedbackpacks:iron_backpack":35,"minecraft:acacia_stairs":10,"simpleores:mythril_sword":47,"minecraft:red_terracotta":3,"minecraft:mossy_cobblestone":57,"minecraft:iron_hoe":1,"jeg:scrap_block":1,"simpleores:tin_leggings":3,"minecraft:stripped_acacia_log":20,"minecraft:diamond":35,"minecraft:granite":347,"minecraft:golden_apple":13,"minecraft:chainmail_helmet":46,"minecraft:golden_horse_armor":1,"minecraft:emerald":455,"minecraft:bread":595,"minecraft:oak_sapling":152,"minecraft:diamond_pickaxe":1,"securitycraft:remote_access_sentry":10,"sophisticatedbackpacks:gold_backpack":1,"minecraft:mud":1,"minecraft:crafting_table":17,"minecraft:chicken":2,"minecraft:leather_leggings":19,"minecraft:wooden_pickaxe":4,"minecraft:shield":54,"minecraft:red_bed":10,"minecraft:iron_axe":20,"minecraft:acacia_door":8,"minecraft:iron_shovel":13,"minecraft:cracked_stone_bricks":76,"minecraft:cartography_table":3,"simpleores:raw_adamantium":1,"minecraft:jungle_sapling":44,"minecraft:iron_nugget":23,"minecraft:light_gray_wool":1,"minecraft:minecart":7,"minecraft:lectern":1,"minecraft:chest":6,"minecraft:egg":6,"minecraft:raw_iron":47,"minecraft:stone":101,"minecraft:bowl":2,"minecraft:music_disc_mellohi":1,"minecraft:note_block":4,"sophisticatedbackpacks:backpack":3,"minecraft:carrot":1,"minecraft:redstone":40,"minecraft:tnt":5,"minecraft:arrow":1606,"minecraft:stone_shovel":10,"minecraft:diamond_boots":6,"jeg:waterpipe_shotgun":27,"minecraft:hay_block":68,"minecraft:saddle":4,"minecraft:gold_ingot":69,"sophisticatedbackpacks:copper_backpack":20,"minecraft:mutton":8,"simpleores:tin_boots":2,"minecraft:white_wool":7,"simpleores:mythril_chestplate":23,"minecraft:lime_bed":1,"minecraft:golden_carrot":76,"minecraft:leather":19,"minecraft:acacia_wood":13,"minecraft:oak_log":543,"minecraft:chainmail_chestplate":24,"minecraft:golden_boots":12,"minecraft:gunpowder":7,"minecraft:cobblestone_stairs":2,"simpleores:tin_pickaxe":1,"minecraft:cooked_mutton":9,"minecraft:apple":16,"minecraft:stone_bricks":31,"minecraft:iron_ingot":207,"minecraft:stone_pickaxe":45,"minecraft:cobweb":20,"minecraft:glass_bottle":17,"minecraft:iron_sword":5,"minecraft:acacia_sapling":119,"jeg:tech_trash":20,"minecraft:music_disc_chirp":1,"minecraft:book":62,"minecraft:gravel":50,"minecraft:amethyst_shard":112,"justhammers:stone_hammer":29,"minecraft:blast_furnace":1,"minecraft:white_bed":4,"minecraft:spider_eye":4,"minecraft:leather_helmet":21,"jeg:handmade_shell":38,"minecraft:diamond_shovel":4,"minecraft:stone_axe":39,"simpleores:tin_ingot":18,"minecraft:chainmail_leggings":57,"minecraft:iron_helmet":36,"minecraft:gray_wool":1,"minecraft:baked_potato":6,"minecraft:brown_banner":1,"minecraft:acacia_slab":8,"minecraft:melon_seeds":91,"minecraft:coal":366,"minecraft:ender_pearl":123},"minecraft:broken":{"simpleores:tin_chestplate":1,"minecraft:golden_boots":1,"minecraft:diamond_helmet":1,"minecraft:leather_leggings":1,"minecraft:chainmail_boots":1,"justhammers:stone_hammer":4,"minecraft:stone_axe":2,"minecraft:leather_helmet":2,"minecraft:chainmail_leggings":2,"justhammers:iron_hammer":1,"minecraft:shield":3,"minecraft:golden_axe":1,"minecraft:iron_axe":3,"minecraft:leather_boots":1}},"DataVersion":3120}